<?xml version="1.0" encoding="UTF-8"?>
<!DOCTYPE properties SYSTEM "http://java.sun.com/dtd/properties.dtd">
<properties>
  <entry key="dbms">mysql</entry>
  <entry key="jar_file">data/connector/mysql-connector-java-5.1.38-bin.jar</entry>
  <entry key="driver">com.mysql.jdbc.Driver</entry>
  <entry key="database_name">download_com_crawler</entry>
  <entry key="user_name">root</entry>
  <entry key="password"></entry>
  <entry key="server_name">localhost</entry>
  <entry key="port_number">3306</entry>
</properties>
